full_name,contact,address,email,car,start_date,end_date
Lorne Jennins,824-384-7067,9 Pond Hill,ljennins0@webmd.com,,,
Vernor Halgarth,945-215-1325,9 Grasskamp Crossing,vhalgarth1@engadget.com,,,
Tony Obal,771-887-2717,3554 Melby Park,tobal2@webmd.com,,,
Harmonia Grzeszczyk,393-674-1086,7380 Stuart Hill,hgrzeszczyk3@istockphoto.com,,,
Dena Schiesterl,168-988-5781,69971 Boyd Way,dschiesterl4@cornell.edu,,,
Brendin Burrows,844-764-0302,5479 Anniversary Road,bburrows5@businessweek.com,,,
Lew Knocker,943-970-0417,921 Rockefeller Park,lknocker6@cpanel.net,,,
Antonella Jaggs,212-860-3881,886 Lyons Court,ajaggs7@stumbleupon.com,,,
Jake Morrid,132-311-7508,08 Jackson Point,jmorrid8@google.es,,,
Hayward Shayes,701-492-3469,9259 American Alley,hshayes9@printfriendly.com,,,
Wini Bemand,556-177-0344,75599 Grim Drive,wbemanda@gmpg.org,,,
Neron Inder,555-291-0198,06264 Miller Street,ninderb@mapy.cz,,,
Lark Ioannou,149-406-4151,160 Sugar Plaza,lioannouc@netlog.com,,,
Weylin Vanyushin,683-910-9555,20863 Sheridan Place,wvanyushind@china.com.cn,,,
Lanna Deinhardt,944-691-9908,55 Twin Pines Center,ldeinhardte@google.nl,,,
Portie Rodolf,270-560-9008,026 Meadow Valley Trail,prodolff@indiatimes.com,,,
Rafferty Nitti,622-484-4027,9 Stone Corner Road,rnittig@is.gd,,,
Rosana Georgel,720-688-0712,185 Heffernan Plaza,rgeorgelh@flavors.me,,,
Zacharie Broadbury,806-235-2471,87 Coleman Crossing,zbroadburyi@php.net,,,
Murielle Iacoboni,597-937-3420,39 Dwight Pass,miacobonij@over-blog.com,,,
